{
  "n_rows": 199996,
  "subsets": {
    "ccpd_base": 199996
  },
  "splits": {
    "all": 199996
  },
  "bbox_area_norm": {
    "count": 199996.0,
    "mean": 0.029827927467313716,
    "std": 0.013991271503910371,
    "p05": 0.012270114942528736,
    "p50": 0.027155172413793102,
    "p95": 0.05610991379310345,
    "min": 0.0033680555555555556,
    "max": 0.18989463601532566
  },
  "aspect_ratio": {
    "count": 199996.0,
    "mean": 2.7561808040421334,
    "std": 0.5945517934223193,
    "p05": 1.7433628318584071,
    "p50": 2.763888888888889,
    "p95": 3.7241379310344827,
    "min": 0.680628272251309,
    "max": 6.3924050632911396
  },
  "tilt_h": {
    "count": 199996.0,
    "mean": 91.28556571131422,
    "std": 4.917934279453991,
    "p05": 85.0,
    "p50": 90.0,
    "p95": 101.0,
    "min": 56.0,
    "max": 129.0
  },
  "tilt_v": {
    "count": 199996.0,
    "mean": 85.34920698413968,
    "std": 8.113878457409308,
    "p05": 69.0,
    "p50": 87.0,
    "p95": 96.0,
    "min": 46.0,
    "max": 130.0
  },
  "brightness": {
    "count": 199996.0,
    "mean": 112.96466429328586,
    "std": 37.139275611253666,
    "p05": 50.0,
    "p50": 113.0,
    "p95": 173.0,
    "min": 13.0,
    "max": 233.0
  },
  "blurriness": {
    "count": 199996.0,
    "mean": 49.586281725634514,
    "std": 42.37823166323827,
    "p05": 11.0,
    "p50": 37.0,
    "p95": 131.0,
    "min": 2.0,
    "max": 1326.0
  },
  "luminance_mean": {
    "count": 20000.0,
    "mean": 114.44388164086445,
    "std": 31.913656959253025,
    "p05": 40.6905948275862,
    "p50": 121.12527119252873,
    "p95": 149.92352999281607,
    "min": 0.9252298850574713,
    "max": 231.57815134099616
  },
  "laplacian_var": {
    "count": 20000.0,
    "mean": 154.2893053615001,
    "std": 165.02152521685923,
    "p05": 34.82435481885154,
    "p50": 114.69845416522017,
    "p95": 374.1136491935894,
    "min": 7.6111182068488406,
    "max": 3964.4386191895633
  },
  "touches_border_rate": 7.50015000300006e-05
}